{"cameraMode":{"drawMode":0,"name":"Shaded","section":"Shading Mode"},"sceneLighting":true,"audioPlay":false,"sceneViewState":{"m_AlwaysRefresh":false,"showFog":true,"showSkybox":true,"showFlares":true,"showImageEffects":true,"showParticleSystems":true,"showVisualEffectGraphs":true,"m_FxEnabled":true},"in2DMode":false,"pivot":{"x":19.61919593811035,"y":-11.804311752319336,"z":15.491494178771973},"rotation":{"x":0.6701338291168213,"y":0.003340047085657716,"z":-0.003015620168298483,"w":0.7422269582748413},"size":21.987098693847658,"orthographic":false}