{"cameraMode":{"drawMode":0,"name":"Shaded","section":"Shading Mode"},"sceneLighting":true,"audioPlay":false,"sceneViewState":{"m_AlwaysRefresh":false,"showFog":true,"showSkybox":true,"showFlares":true,"showImageEffects":true,"showParticleSystems":true,"showVisualEffectGraphs":true,"m_FxEnabled":true},"in2DMode":false,"pivot":{"x":9.30971908569336,"y":0.5432608127593994,"z":3.1109955310821535},"rotation":{"x":0.0031211120076477529,"y":0.8158952593803406,"z":-0.5781745910644531,"w":0.0044048987329006199},"size":1.656104564666748,"orthographic":false}