{"cameraMode":{"drawMode":0,"name":"Shaded","section":"Shading Mode"},"sceneLighting":false,"audioPlay":false,"sceneViewState":{"m_AlwaysRefresh":false,"showFog":true,"showSkybox":false,"showFlares":true,"showImageEffects":true,"showParticleSystems":true,"showVisualEffectGraphs":true,"m_FxEnabled":true},"in2DMode":false,"pivot":{"x":12.288236618041993,"y":0.28536802530288699,"z":17.365835189819337},"rotation":{"x":0.03241937234997749,"y":0.8123822808265686,"z":-0.580454409122467,"w":0.045376166701316836},"size":3.796874523162842,"orthographic":false}