{"cameraMode":{"drawMode":0,"name":"Shaded","section":"Shading Mode"},"sceneLighting":false,"audioPlay":false,"sceneViewState":{"m_AlwaysRefresh":false,"showFog":true,"showSkybox":false,"showFlares":true,"showImageEffects":true,"showParticleSystems":true,"showVisualEffectGraphs":true,"m_FxEnabled":true},"in2DMode":false,"pivot":{"x":0.8920659422874451,"y":0.4310727119445801,"z":0.6980783939361572},"rotation":{"x":0.6255532503128052,"y":0.009361406788229943,"z":-0.007506947498768568,"w":0.7800904512405396},"size":3.6964919567108156,"orthographic":false}