{"cameraMode":{"drawMode":0,"name":"Shaded","section":"Shading Mode"},"sceneLighting":false,"audioPlay":false,"sceneViewState":{"m_AlwaysRefresh":false,"showFog":true,"showSkybox":false,"showFlares":true,"showImageEffects":true,"showParticleSystems":true,"showVisualEffectGraphs":true,"m_FxEnabled":true},"in2DMode":false,"pivot":{"x":-0.01820012927055359,"y":0.6996095776557922,"z":0.058645784854888919},"rotation":{"x":0.7134031653404236,"y":0.00735727371647954,"z":-0.007490934804081917,"w":0.7006768584251404},"size":2.1573550701141359,"orthographic":false}