{"cameraMode":{"drawMode":0,"name":"Shaded","section":"Shading Mode"},"sceneLighting":false,"audioPlay":false,"sceneViewState":{"m_AlwaysRefresh":false,"showFog":true,"showSkybox":false,"showFlares":true,"showImageEffects":true,"showParticleSystems":true,"showVisualEffectGraphs":true,"m_FxEnabled":true},"in2DMode":false,"pivot":{"x":-0.0448698066174984,"y":0.5697972774505615,"z":-0.12929582595825196},"rotation":{"x":-0.20932833850383759,"y":0.0096905417740345,"z":-0.0020737526938319208,"w":-0.9777975678443909},"size":1.0538052320480347,"orthographic":false}