{"cameraMode":{"drawMode":0,"name":"Shaded","section":"Shading Mode"},"sceneLighting":false,"audioPlay":false,"sceneViewState":{"m_AlwaysRefresh":false,"showFog":true,"showSkybox":false,"showFlares":true,"showImageEffects":true,"showParticleSystems":true,"showVisualEffectGraphs":true,"m_FxEnabled":true},"in2DMode":false,"pivot":{"x":-0.08870589733123779,"y":0.6794535517692566,"z":-0.025417208671569825},"rotation":{"x":0.7134031653404236,"y":0.00735727371647954,"z":-0.007490934804081917,"w":0.7006768584251404},"size":4.429404258728027,"orthographic":true}