{"cameraMode":{"drawMode":0,"name":"Shaded","section":"Shading Mode"},"sceneLighting":false,"audioPlay":false,"sceneViewState":{"m_AlwaysRefresh":false,"showFog":true,"showSkybox":false,"showFlares":true,"showImageEffects":true,"showParticleSystems":true,"showVisualEffectGraphs":true,"m_FxEnabled":true},"in2DMode":false,"pivot":{"x":0.645180344581604,"y":0.15653282403945924,"z":-0.1580284833908081},"rotation":{"x":0.7134031653404236,"y":0.00735727371647954,"z":-0.007490934804081917,"w":0.7006768584251404},"size":4.275733470916748,"orthographic":false}